x1,x2,pr_neg,pr_zero,pr_pos,neg,zero,pos,dir,neg_mag,pos_mag,y
0.9308990851189031,1,0.4345725137728854,0.15987029351523802,0.40555719271187657,0,0,1,1,-3.188155143829196,1.792809245217123,1.792809245217123
-0.4993735827668851,0,0.3835957987857473,0.3835957987857473,0.23280840242850542,0,1,0,0,-1.2446105613918046,0.09268301227545622,0
0.7281162178504464,1,0.4695227504163136,0.17272776704043205,0.35774948254325434,1,0,0,-1,-3.973469943317668,0.35181722068796456,-3.973469943317668
0.3427871425440659,0,0.29335244223733437,0.29335244223733437,0.41329511552533127,1,0,0,-1,-0.48863210697554776,1.8162046923576802,-0.48863210697554776
0.39763308959401444,0,0.28667276728676905,0.28667276728676905,0.42665446542646196,0,0,1,1,-0.5207914281199132,1.6805400863674536,1.6805400863674536
0.16295832273378863,1,0.5552874767626144,0.20427884664093085,0.24043367659645468,0,1,0,0,-3.376600809035708,1.514425054772453,0
-0.5309627615882461,1,0.6312307459028471,0.23221681405297212,0.13655244004418082,1,0,0,-1,-2.0108336810821283,0.564933705753513,-2.0108336810821283
-0.3975108819171437,1,0.6191601669694777,0.2277762962203484,0.15306353681017398,1,0,0,-1,-2.0393285107575325,0.8000790372954439,-2.0393285107575325
-0.5937971945551483,0,0.39181477196133774,0.39181477196133774,0.2163704560773245,1,0,0,-1,-0.90493340618758,0.6405517925731039,-0.90493340618758
-1.8314045470828917,0,0.4629225820716974,0.4629225820716974,0.07415483585660526,0,1,0,0,-0.6781703963793703,0.18356477893311354,0
1.6095099910154993,1,0.3117781135402042,0.11469675817865681,0.5735251282811391,0,0,1,1,-2.6384905590219248,6.501212954173572,6.501212954173572
0.47699480691589763,0,0.2769143375811653,0.2769143375811653,0.44617132483766947,1,0,0,-1,-1.1415108484791192,1.8885452802709342,-1.1415108484791192
0.19986739500374284,0,0.3104393805371365,0.3104393805371365,0.37912123892572697,1,0,0,-1,-0.7160063598156738,0.7036699059808762,-0.7160063598156738
1.3883239613670233,0,0.1664412318625711,0.1664412318625711,0.6671175362748578,0,0,1,1,-0.3731495921960476,3.279631036623294,3.279631036623294
-0.6160262190050434,0,0.39368740142054304,0.39368740142054304,0.21262519715891381,0,0,1,1,-0.955817687656246,0.2563284324662431,0.2563284324662431
0.03439804194238262,0,0.3294896719209647,0.3294896719209647,0.34102065615807065,0,0,1,1,-1.1954571575352533,0.8954866074788677,0.8954866074788677
-0.23256044583123936,0,0.35810182255802503,0.35810182255802503,0.2837963548839499,1,0,0,-1,-0.28939140887446396,0.24196089785189687,-0.28939140887446396
3.4196618349419032,1,0.07930254086320833,0.029173774416232548,0.891523684720559,0,0,1,1,-3.4475853390513485,23.440025948270712,23.440025948270712
-1.191862681383832,1,0.6758638587440329,0.24863641866272945,0.07549972259323778,1,0,0,-1,-3.197086978377279,0.2683067400194001,-3.197086978377279
0.4977064843958344,0,0.2743526197726036,0.2743526197726036,0.45129476045479283,0,0,1,1,-0.7835935243884147,1.6700384590148032,1.6700384590148032
0.266582843722421,0,0.3025264830360991,0.3025264830360991,0.39494703392780184,1,0,0,-1,-1.2503428285625953,0.7348302386055816,-1.2503428285625953
0.30085650172036466,0,0.2984170058794049,0.2984170058794049,0.40316598824119027,0,0,1,1,-1.6592419215826613,1.2233069788853408,1.2233069788853408
-1.4918525130566098,0,0.4494471838722077,0.4494471838722077,0.10110563225558454,1,0,0,-1,-0.8011654587810382,0.2256032358744997,-0.8011654587810382
-0.046591717475098084,0,0.3384693788946594,0.3384693788946594,0.32306124221068117,0,0,1,1,-0.8673714965223677,0.4329373475818871,0.4329373475818871
2.0753482189405665,0,0.10032786798218814,0.10032786798218814,0.7993442640356236,0,0,1,1,-0.704944511491366,5.222603010730414,5.222603010730414
-0.20050514696147867,0,0.3548216546613416,0.3548216546613416,0.2903566906773169,1,0,0,-1,-1.1469684818255754,0.8637761667986525,-1.1469684818255754
-0.6694214501531955,0,0.39808842518442755,0.39808842518442755,0.20382314963114495,0,1,0,0,-0.7566691649029779,0.5258215008213118,0
1.3514666816423302,0,0.17055860664550065,0.17055860664550065,0.6588827867089987,0,1,0,0,-0.7227675460979526,2.500621066222281,0
3.4269646068472737,0,0.03050355689755099,0.03050355689755099,0.9389928862048981,0,0,1,1,-0.28902280748769926,37.04694469542327,37.04694469542327
-1.0143354370552646,0,0.42325474150799625,0.42325474150799625,0.15349051698400745,1,0,0,-1,-1.1166074507147952,0.3512911342769012,-1.1166074507147952
0.05777882339257746,1,0.5689445316397966,0.2093029963571964,0.22175247200300688,1,0,0,-1,-2.1672440533415767,1.604201648958306,-2.1672440533415767
-0.5691561712057845,0,0.38971118105667213,0.38971118105667213,0.2205776378866558,1,0,0,-1,-0.9371006138232161,0.1570185503410387,-0.9371006138232161
-0.27846307314120394,0,0.3627201695672749,0.3627201695672749,0.27455966086545025,1,0,0,-1,-0.9490047709384617,0.7085186801689459,-0.9490047709384617
-0.776653827528553,0,0.4065135691788112,0.4065135691788112,0.18697286164237747,0,1,0,0,-0.9549786320654412,0.5637724937153997,0
0.5947204867973349,0,0.2622934136303305,0.2622934136303305,0.47541317273933903,0,1,0,0,-0.6949575897198222,1.9215485659112372,0
-3.008987070761462,0,0.48796158916516724,0.48796158916516724,0.024076821669665516,1,0,0,-1,-0.9891147310850033,0.029166507193379612,-0.9891147310850033
-0.8344178138631948,0,0.41082488222476876,0.41082488222476876,0.17835023555046256,0,1,0,0,-0.6269933799718322,0.24433821702786218,0
-1.1619654897740126,0,0.4323631361435377,0.4323631361435377,0.1352737277129245,0,1,0,0,-1.1047269789479444,0.30486718039226035,0
1.3756378889274814,0,0.1678528145996357,0.1678528145996357,0.6642943708007286,0,0,1,1,-0.1357816790231622,3.5429158320256358,3.5429158320256358
-0.7890645219846409,0,0.4074532064558173,0.4074532064558173,0.18509358708836543,1,0,0,-1,-0.8668024787986081,0.5549475245082547,-0.8668024787986081
-0.709389196688526,1,0.6456379206630712,0.23751691745262266,0.11684516188430616,1,0,0,-1,-1.7855637160120899,0.3807695719875451,-1.7855637160120899
1.2105295179705764,0,0.1867322670958025,0.1867322670958025,0.626535465808395,0,0,1,1,-0.40162193621916553,3.219188791485685,3.219188791485685
-2.281312634445478,0,0.4757034389987188,0.4757034389987188,0.04859312200256227,1,0,0,-1,-0.5937005190113834,0.09311961194443683,-0.5937005190113834
0.8614586810085522,0,0.22901058939806007,0.22901058939806007,0.5419788212038799,0,0,1,1,-0.7072506749196147,2.977340116842762,2.977340116842762
-1.8709486272712186,0,0.46425739743608807,0.46425739743608807,0.0714852051278238,0,1,0,0,-1.0476561031495601,0.11972683998588522,0
1.3675403857900266,0,0.16875691384734057,0.16875691384734057,0.6624861723053189,1,0,0,-1,-0.7386867553569131,2.4114960776228713,-0.7386867553569131
-2.6034203103660425,0,0.4821554337898933,0.4821554337898933,0.03568913242021354,1,0,0,-1,-0.4139486843319641,0.08453896255972117,-0.4139486843319641
0.10800173125573104,0,0.321125256388958,0.321125256388958,0.35774948722208394,0,1,0,0,-0.42760019524295756,0.985522564059687,0
-0.7258356877266219,0,0.4025894563607801,0.4025894563607801,0.1948210872784398,1,0,0,-1,-0.8382752264963236,0.6274055943316936,-0.8382752264963236
0.0767631654723279,0,0.32469785159815934,0.32469785159815934,0.35060429680368127,1,0,0,-1,-1.0024466319026166,1.7697023580562699,-1.0024466319026166
-0.021212052473799387,1,0.5786911164625935,0.21288856453513696,0.2084203190022694,0,1,0,0,-1.901106731109728,0.4991885417520195,0
-1.1627370332134135,0,0.43240824899548885,0.43240824899548885,0.1351835020090224,1,0,0,-1,-0.6555620534432126,0.19952406447478263,-0.6555620534432126
-1.7837721286776764,1,0.6994550821787214,0.2573151447564333,0.04322977306484527,0,1,0,0,-2.1512597900226615,0.13679964564391428,0
-0.6233698213793925,1,0.6389317554342951,0.2350498571358572,0.1260183874298476,1,0,0,-1,-3.7102798853068055,0.5547729783025532,-3.7102798853068055
-1.0838694884392763,0,0.4276640469606502,0.4276640469606502,0.14467190607869965,0,1,0,0,-1.401449444870248,0.5371345993786254,0
2.7219770292049503,0,0.058104523961679456,0.058104523961679456,0.8837909520766412,0,0,1,1,-0.8226129714332848,11.71401426868006,11.71401426868006
1.7125745532909116,0,0.1325694781953994,0.1325694781953994,0.7348610436092012,0,0,1,1,-0.1521130364876197,5.188501111023244,5.188501111023244
1.5060984155438228,0,0.15363098111110088,0.15363098111110088,0.6927380377777982,0,1,0,0,-1.1994178159766304,2.0896844637678913,0
-2.0898907057307192,1,0.70752061995787,0.26028229028737365,0.03219708975475637,1,0,0,-1,-4.735840661010911,0.10137546660961963,-4.735840661010911
-1.6364098378368557,1,0.6946869240924324,0.2555610374242322,0.04975203848333548,1,0,0,-1,-4.434425193741821,0.17322508012267576,-4.434425193741821
-0.013841824384503293,0,0.33486774946845355,0.33486774946845355,0.33026450106309296,0,0,1,1,-0.7030122928312462,0.6238686575339537,0.6238686575339537
-2.290392951942494,0,0.47591248056787894,0.47591248056787894,0.04817503886424201,1,0,0,-1,-1.821496309034678,0.061447745063267195,-1.821496309034678
0.3590758958221061,0,0.29137482606865406,0.29137482606865406,0.41725034786269194,0,1,0,0,-0.4544608658189441,1.8958568794039956,0
1.3892884570219342,0,0.16633415552099654,0.16633415552099654,0.667331688958007,1,0,0,-1,-0.9098988900039346,1.7095295510388844,-0.9098988900039346
-1.2856411322054049,0,0.4392759681353831,0.4392759681353831,0.12144806372923383,0,1,0,0,-0.6022279238349216,0.1924745332820735,0
-0.9415389940838453,1,0.6616546759384969,0.24340915243272604,0.09493617162877709,0,1,0,0,-3.4028797926918064,0.2382867701295287,0
-1.3370571307922452,0,0.44196602057058876,0.44196602057058876,0.11606795885882247,0,0,1,1,-1.3893246554500527,0.32463531813537105,0.32463531813537105
2.2943399524885124,0,0.08390748727572497,0.08390748727572497,0.8321850254485501,0,0,1,1,-1.2110586203165337,10.562780411921354,10.562780411921354
0.592716069500011,1,0.49180295741696417,0.18092419714101543,0.3272728454420205,0,0,1,1,-1.5956378696464422,1.5655361934688585,1.5655361934688585
-0.9764836707937404,0,0.4207632989259316,0.4207632989259316,0.15847340214813674,0,1,0,0,-0.8616010346604697,0.3710452837687033,0
1.0684575937511744,0,0.2036292322264838,0.2036292322264838,0.59274153554703235,1,0,0,-1,-0.9627233638971426,1.962551761021655,-0.9627233638971426
0.20981757259994332,0,0.30926690217504116,0.30926690217504116,0.38146619564991774,1,0,0,-1,-0.9138114134588776,0.7554227599794389,-0.9138114134588776
-0.917839620007566,0,0.4167741728161055,0.4167741728161055,0.166451654367789,1,0,0,-1,-1.0056175734795683,0.05931902272663843,-1.0056175734795683
-0.24787380945972637,0,0.3596529232502767,0.3596529232502767,0.28069415349944665,1,0,0,-1,-1.3126542033151418,0.6504680082203258,-1.3126542033151418
0.7552777825472179,1,0.46494296751860664,0.17104295906733707,0.3640140734140563,0,0,1,1,-1.430736402277844,1.2984999717731396,1.2984999717731396
-1.1307095429879592,1,0.6726612240456542,0.24745823519961363,0.07988054075473228,0,1,0,0,-1.5638631999086285,0.42606198284751284,0
-1.3686729742217396,1,0.6842358821284732,0.2517163139468716,0.06404780392465523,0,1,0,0,-1.2229281442849111,0.30242082948493976,0
0.6313843207646425,1,0.4855380944667296,0.17861948285986745,0.3358424226734031,0,0,1,1,-2.3935533855294158,1.5499219897747358,1.5499219897747358
0.7199288662659216,0,0.24665248937028497,0.24665248937028497,0.50669502125943,0,0,1,1,-1.0651445184109545,1.2088474664314597,1.2088474664314597
2.147095287205769,0,0.09469734605732198,0.09469734605732198,0.810605307885356,0,1,0,0,-0.35457643334674327,5.743898992218632,0
1.525839451037628,0,0.15153805243134844,0.15153805243134844,0.6969238951373031,0,0,1,1,-1.2510152435438548,4.931823502730509,4.931823502730509
-2.776282318123412,0,0.4849026585107069,0.4849026585107069,0.030194682978586185,1,0,0,-1,-0.5467433513109095,0.05483257879158658,-0.5467433513109095
1.721836285853396,1,0.29187802880252867,0.1073759261260964,0.600746045071375,0,1,0,0,-2.1263889678938432,2.570514601342702,0
-0.28923278714757994,0,0.36379009931088596,0.36379009931088596,0.272419801378228,0,1,0,0,-0.917580346002321,0.7035738544873035,0
0.2741622876003922,0,0.3016201590836764,0.3016201590836764,0.3967596818326472,1,0,0,-1,-1.3989015239861438,1.5331136329863417,-1.3989015239861438
-0.2734040533375245,0,0.3622157760614329,0.3622157760614329,0.2755684478771343,0,0,1,1,-0.9619908690945872,0.40706355354521706,0.40706355354521706
-1.164733257969116,0,0.43252485228267784,0.43252485228267784,0.13495029543464443,1,0,0,-1,-0.7637282762689886,0.2808956263447271,-0.7637282762689886
0.4949120012419198,1,0.5072712486018264,0.1866146634579797,0.30611408794019396,1,0,0,-1,-1.3352950624051365,2.1286780055810017,-1.3352950624051365
-0.438045833261635,0,0.37802949918245443,0.37802949918245443,0.2439410016350911,1,0,0,-1,-0.6618716741208662,0.3323914909158242,-0.6618716741208662
0.751082151779624,0,0.2427601535060681,0.2427601535060681,0.5144796929878638,0,1,0,0,-1.1135453276478497,2.325634595872777,0
0.3023805697784522,0,0.2982336158030059,0.2982336158030059,0.4035327683939881,0,0,1,1,-1.5302894929590263,1.6899164563565532,1.6899164563565532
-0.09460151455019124,0,0.343673863736254,0.343673863736254,0.31265227252749184,0,0,1,1,-0.708508248003871,0.9236664145310448,0.9236664145310448
-0.1023003349945293,0,0.34449990965139343,0.34449990965139343,0.3110001806972132,0,1,0,0,-1.1834104254016031,0.9551436186197642,0
0.12533163296023914,1,0.5602618393687966,0.2061088123766773,0.23362934825452614,0,0,1,1,-3.477816117349868,0.3826785850041229,0.3826785850041229
-0.4731169664348525,0,0.3812345395136813,0.3812345395136813,0.2375309209726374,0,0,1,1,-1.1152726779653674,0.5716337382555123,0.5716337382555123
0.0535137508995582,0,0.3273352960900612,0.3273352960900612,0.3453294078198776,0,0,1,1,-0.9265584539410221,1.0064530426464975,1.0064530426464975
0.21793380059850134,0,0.30830847445161097,0.30830847445161097,0.38338305109677806,0,0,1,1,-1.464567458299963,1.6582563120281015,1.6582563120281015
-1.0747216782348783,0,0.4270962213012183,0.4270962213012183,0.14580755739756335,1,0,0,-1,-0.7660579789148072,0.35484670280352554,-0.7660579789148072
-1.148239378311715,0,0.4315563053927552,0.4315563053927552,0.13688738921448965,1,0,0,-1,-0.8588772597907081,0.3112915899339285,-0.8588772597907081
0.9450584540456503,0,0.21867656280428566,0.21867656280428566,0.5626468743914287,0,0,1,1,-0.4835066555235011,3.1176912737099425,3.1176912737099425
-0.9233265573740227,0,0.41715412043563327,0.41715412043563327,0.16569175912873343,1,0,0,-1,-1.0116850518576408,0.4668355960148306,-1.0116850518576408
0.6831266234106617,0,0.2512525591627258,0.2512525591627258,0.4974948816745485,1,0,0,-1,-0.8720807205970575,1.5455655879545065,-0.8720807205970575
2.138540284173782,0,0.09535579229282057,0.09535579229282057,0.8092884154143589,0,0,1,1,-1.0737227134574145,5.496229151980567,5.496229151980567
0.5583132718440517,0,0.2668287504978954,0.2668287504978954,0.46634249900420915,0,1,0,0,-0.6072045454341228,1.5443690074304985,0
0.6373393830074282,0,0.25697416469572076,0.25697416469572076,0.48605167060855853,0,0,1,1,-1.263721218205093,2.0129650390768687,2.0129650390768687
0.12474794028976265,0,0.3191968631048425,0.3191968631048425,0.3616062737903149,0,1,0,0,-1.05640917571061,1.164027750878969,0
-0.1539597418065073,0,0.3499799507422489,0.3499799507422489,0.3000400985155021,0,0,1,1,-0.7269419707669398,1.290057993825483,1.290057993825483
-0.0699113326674702,0,0.3410087007389774,0.3410087007389774,0.3179825985220452,1,0,0,-1,-1.2820883955727786,1.1618214413893946,-1.2820883955727786
1.9724991787575885,1,0.24922585214645016,0.0916850672131126,0.6590890806404373,1,0,0,-1,-0.9525412340407633,3.7235712169734825,-0.9525412340407633
0.6677814232197647,1,0.47956801546846306,0.1764232135342358,0.34400877099730115,0,1,0,0,-2.538861369049028,1.6069469742594749,0
1.3933055845797122,0,0.16588855427858898,0.16588855427858898,0.668222891442822,1,0,0,-1,-0.9879709356717468,3.228318131257384,-0.9879709356717468
1.3978193596429123,1,0.35008433793636345,0.12878883060290375,0.5211268314607327,0,0,1,1,-0.7784111870336727,3.791694637476017,3.791694637476017
0.059507023323253166,0,0.3266571989867251,0.3266571989867251,0.34668560202654986,0,1,0,0,-0.7282502422087435,0.47728514578545467,0
-0.8813847015356528,1,0.6577829131431522,0.24198481049922624,0.10023227635762154,1,0,0,-1,-2.6810713057717197,0.5941064730757645,-2.6810713057717197
0.9517124096652281,0,0.2178582196569592,0.2178582196569592,0.5642835606860817,1,0,0,-1,-0.6189134580264462,2.2985334260017374,-0.6189134580264462
-1.295378287909493,0,0.4397935259388552,0.4397935259388552,0.12041294812228971,0,0,1,1,-0.9022548481588183,0.3359205662030345,0.3359205662030345
-0.56649952737429,0,0.38948264226146345,0.38948264226146345,0.22103471547707307,0,1,0,0,-0.7828981296079254,0.5245506126871903,0
-1.1207178109673679,0,0.4299141724840982,0.4299141724840982,0.14017165503180373,0,1,0,0,-1.0937082903553519,0.3117029058150607,0
0.4102900405845559,0,0.2851232751177808,0.2851232751177808,0.4297534497644384,1,0,0,-1,-1.0343769941311904,1.929378715891485,-1.0343769941311904
-1.5534917824116876,0,0.4521801121965846,0.4521801121965846,0.0956397756068308,1,0,0,-1,-1.0811214099157853,0.2017886797391335,-1.0811214099157853
0.7543121547555827,1,0.4651063744808247,0.17110307312928139,0.363790552389894,0,0,1,1,-2.945465169947649,1.9448043150193037,1.9448043150193037
0.5662930063689903,0,0.26583554202956466,0.26583554202956466,0.4683289159408707,1,0,0,-1,-1.1544823763316157,1.6788315681176706,-1.1544823763316157
-0.10696845096957996,0,0.34499960764481874,0.34499960764481874,0.3100007847103625,0,1,0,0,-0.5937899653834143,0.6418762482036315,0
-1.5092524007551846,0,0.45023239360528045,0.45023239360528045,0.09953521278943911,1,0,0,-1,-0.31733579602449313,0.08613254692152617,-0.31733579602449313
-0.17752318833668243,0,0.352442584336473,0.352442584336473,0.2951148313270539,0,1,0,0,-0.7445429615399499,1.3174356655372361,0
2.7080837557248336,1,0.1452167865473086,0.05342227028373652,0.8013609431689549,1,0,0,-1,-3.4598878150159047,10.921130803905584,-3.4598878150159047
0.8187016244414879,0,0.23432627904535297,0.23432627904535297,0.5313474419092941,1,0,0,-1,-1.465990039274463,2.534893151956912,-1.465990039274463
-2.1574280838430338,1,0.7090114600069932,0.2608307396915211,0.030157800301485665,1,0,0,-1,-2.799308312736789,0.08320877549395017,-2.799308312736789
-0.23683615873903724,1,0.603070591308504,0.22185727211750378,0.17507213657399207,1,0,0,-1,-2.0552945483334137,0.6203091293039862,-2.0552945483334137
-0.5984753100908051,0,0.3922108429714343,0.3922108429714343,0.21557831405713143,1,0,0,-1,-0.6239787311962007,0.8245466484887393,-0.6239787311962007
1.4848688379882509,0,0.15589955789009693,0.15589955789009693,0.6882008842198062,0,1,0,0,-0.8136596647327565,1.9943824774516397,0
1.981907779335463,0,0.10803133310840464,0.10803133310840464,0.7839373337831907,0,0,1,1,-1.04353902974022,5.290562240604967,5.290562240604967
0.8201787004014477,0,0.23414237883213562,0.23414237883213562,0.5317152423357289,1,0,0,-1,-0.7007131970106482,1.9716609547636093,-0.7007131970106482
-1.275306562699684,0,0.43872246648996244,0.43872246648996244,0.12255506702007514,0,1,0,0,-0.843097226366292,0.3120671789782728,0
0.7597086479431245,0,0.24168288704854457,0.24168288704854457,0.5166342259029107,0,0,1,1,-0.19391858246510363,1.840313289707712,1.840313289707712
0.4008660485024398,1,0.5216030834776834,0.19188705086307134,0.28650986565924524,0,1,0,0,-4.325270119876167,1.0668605092347805,0
0.41332599573162676,1,0.5197360715351269,0.19120021555298328,0.28906371291188976,1,0,0,-1,-2.8670321852366047,1.7259307351749538,-2.8670321852366047
0.45621704639832156,0,0.27947849548917536,0.27947849548917536,0.44104300902164933,1,0,0,-1,-0.8548509807731817,1.919520136851659,-0.8548509807731817
-0.2711148396542234,0,0.36198716029354916,0.36198716029354916,0.27602567941290157,1,0,0,-1,-0.6897011404363924,1.02749364979359,-0.6897011404363924
-0.21638975672690916,0,0.356452698226498,0.356452698226498,0.28709460354700406,0,0,1,1,-1.0639989109547578,0.8300665434301434,0.8300665434301434
0.2573655433193302,0,0.30362671079840325,0.30362671079840325,0.3927465784031934,1,0,0,-1,-0.853141263537701,1.7326021403287304,-0.853141263537701
1.0708196898701272,1,0.4096233456655391,0.15069200749421507,0.43968464684024583,0,0,1,1,-2.6466102273656715,2.3954349906961445,2.3954349906961445
0.28294811152635785,0,0.30056780545377304,0.30056780545377304,0.3988643890924538,0,0,1,1,-0.8026138682548133,1.9131918222237565,1.9131918222237565
1.3844474681930017,0,0.1668719401198755,0.1668719401198755,0.6662561197602491,0,0,1,1,-0.9413483014907241,2.363396095925911,2.363396095925911
-0.25640883265520736,0,0.3605129399643794,0.3605129399643794,0.27897412007124117,0,1,0,0,-0.9729519437772473,0.8501438253697802,0
0.6415380487354212,0,0.256449709973398,0.256449709973398,0.487100580053204,0,0,1,1,-1.2767127666890858,1.1531661361587473,1.1531661361587473
-0.22422102117320802,0,0.35725277765705066,0.35725277765705066,0.2854944446858987,1,0,0,-1,-0.8711934154615595,1.0287726502795334,-0.8711934154615595
0.0884679007391212,0,0.3233630603018498,0.3233630603018498,0.3532738793963004,1,0,0,-1,-0.799825321088056,0.39874860941850504,-0.799825321088056
-0.5717262181663686,1,0.6346926283653511,0.2334903694386793,0.13181700219596956,0,1,0,0,-2.570879884085425,0.3723177364348429,0
-1.342271044287266,0,0.4422329494547443,0.4422329494547443,0.11553410109051152,1,0,0,-1,-1.250529393618356,0.18509680790643293,-1.250529393618356
-0.16645869747505335,1,0.5954693946564985,0.21906094814092975,0.18546965720257164,0,0,1,1,-3.1213579683286277,0.8545852764583008,0.8545852764583008
0.09230386564165195,0,0.3229246098405262,0.3229246098405262,0.35415078031894764,1,0,0,-1,-1.3604725242302078,1.0132558300560026,-1.3604725242302078
-0.2635765620594449,0,0.3612326822701357,0.3612326822701357,0.2775346354597287,0,1,0,0,-0.3823987738631326,0.49769833067996705,0
1.4563008634773027,0,0.15898097973037634,0.15898097973037634,0.6820380405392473,0,1,0,0,-0.928479665716491,3.2921570336677464,0
0.22966629575676656,0,0.3069198066088508,0.3069198066088508,0.38616038678229836,0,0,1,1,-0.3150619099004393,0.4335635294767267,0.4335635294767267
1.4682128726212424,0,0.15769215773426584,0.15769215773426584,0.6846156845314683,0,0,1,1,-0.6358327300406412,4.144422436472151,4.144422436472151
-1.2751085796813466,1,0.6799644186730999,0.2501449303579246,0.06989065096897559,1,0,0,-1,-1.6015575265095077,0.08984222768500257,-1.6015575265095077
0.73214588076559,0,0.24512578022481218,0.24512578022481218,0.5097484395503756,0,0,1,1,-0.7983999945619805,1.291619571188522,1.291619571188522
0.8202181782356346,0,0.2341374639635365,0.2341374639635365,0.5317250720729271,0,0,1,1,-1.4476807070034448,2.2681254724927284,2.2681254724927284
-0.5270666041106803,1,0.6308944365237088,0.232093092746514,0.13701247072977726,1,0,0,-1,-2.7958290513052155,0.6825140308874572,-2.7958290513052155
-0.5690568996825048,1,0.6344690848614253,0.23340813237937758,0.1321227827591971,1,0,0,-1,-2.703801663907549,0.4823741053698925,-2.703801663907549
1.809755334845562,0,0.12332048898770269,0.12332048898770269,0.7533590220245946,0,0,1,1,-0.9110630915869865,5.536285675872872,5.536285675872872
1.7449194909617254,0,0.12944245691538703,0.12944245691538703,0.741115086169226,0,0,1,1,-0.9058627711783219,2.0129289949495677,2.0129289949495677
0.4666997292989723,0,0.27818559143493254,0.27818559143493254,0.44362881713013486,0,0,1,1,-1.164821678715066,0.6773186425095616,0.6773186425095616
-0.6236762697320692,0,0.3943263629765011,0.3943263629765011,0.21134727404699782,0,1,0,0,-0.9477304290680955,0.3642857409883616,0
0.5492934385891136,1,0.49873888176388753,0.183475781113769,0.3177853371223435,0,0,1,1,-2.829786050091062,1.0643359968260337,1.0643359968260337
0.13936702540538262,0,0.3175060851914503,0.3175060851914503,0.3649878296170994,0,1,0,0,-1.1031721107894419,1.7937569724614084,0
-0.8531349057247041,1,0.655899225749488,0.24129184063350334,0.1028089336170087,1,0,0,-1,-1.824251059762274,0.4009611204315116,-1.824251059762274
0.5462019994614479,0,0.26833516707316235,0.26833516707316235,0.4633296658536754,0,0,1,1,-0.8215185456850744,0.4062581170071535,0.4062581170071535
0.36728230940281503,0,0.2903764487268178,0.2903764487268178,0.41924710254636444,0,0,1,1,-0.9800684522156928,1.8495581061801467,1.8495581061801467
0.6015725514702911,1,0.4903752987670075,0.18039899087468578,0.3292257103583067,1,0,0,-1,-2.5458121593896,1.7147665349643149,-2.5458121593896
1.220940477521117,0,0.18551585668734868,0.18551585668734868,0.6289682866253026,1,0,0,-1,-0.898815269050281,4.219303261313296,-0.898815269050281
0.34511883231503776,0,0.2930696884952801,0.2930696884952801,0.41386062300943977,1,0,0,-1,-0.5431298840586759,1.4176663659298165,-0.5431298840586759
-1.061982424651185,0,0.4262993138613852,0.4262993138613852,0.14740137227722952,0,0,1,1,-0.6378872033065173,0.3245903283829563,0.3245903283829563
0.4243018776386339,1,0.5180832797665255,0.19059218744077738,0.2913245327926971,1,0,0,-1,-1.3670985395492428,2.1960368466678766,-1.3670985395492428
-0.7092290430856534,0,0.401280344311588,0.401280344311588,0.19743931137682405,1,0,0,-1,-0.45346911071541385,0.7432821599525905,-0.45346911071541385
-1.105581576038663,0,0.4289970585059734,0.4289970585059734,0.1420058829880531,0,1,0,0,-0.8010101127993792,0.19009546790079687,0
0.016683450946203316,1,0.5740699940322863,0.21118854859789074,0.21474145736982295,0,1,0,0,-4.469795234965191,1.191423509947084,0
0.25760446137958626,1,0.5423429426214438,0.19951681865485238,0.25814023872370373,1,0,0,-1,-2.274067054117293,1.0962481454858932,-2.274067054117293
0.1688593202351904,0,0.31407493179810286,0.31407493179810286,0.3718501364037944,0,1,0,0,-0.43398613019307136,0.8806419278544275,0
-1.452723554376839,0,0.4476411408794058,0.4476411408794058,0.10471771824118839,0,1,0,0,-0.24736953745514673,0.25761272797545437,0
0.9268908894538094,0,0.22091434324593015,0.22091434324593015,0.5581713135081398,0,0,1,1,-1.1247000129189921,1.8800654932946577,1.8800654932946577
-0.7286819443039988,0,0.4028125026702292,0.4028125026702292,0.19437499465954156,1,0,0,-1,-1.263797966286323,0.5731763292149425,-1.263797966286323
0.42966781928796766,1,0.5172724902827929,0.19029391465859416,0.2924335950586131,0,1,0,0,-2.911691958361539,1.6832631877731747,0
2.3082265192638696,0,0.0829423039783074,0.0829423039783074,0.8341153920433851,0,0,1,1,-1.2639015416843291,11.33965980304969,11.33965980304969
-0.5139756675408333,0,0.3848947371528135,0.3848947371528135,0.23021052569437292,1,0,0,-1,-0.7540544882974911,0.61438547975229,-0.7540544882974911
0.9107612366996186,1,0.43811483214890884,0.16117343961986083,0.40071172823123036,1,0,0,-1,-2.735500129264639,2.0832730551627954,-2.735500129264639
0.6863089449468024,0,0.2508547761207634,0.2508547761207634,0.49829044775847325,0,0,1,1,-0.7025520425788115,1.0921565128589494,1.0921565128589494
0.03761424523359825,0,0.3291281058042192,0.3291281058042192,0.34174378839156166,1,0,0,-1,-0.40141274295469404,1.2945836972410953,-0.40141274295469404
0.13077083939759765,0,0.31850110064136433,0.31850110064136433,0.3629977987172714,0,1,0,0,-1.0818714417579613,0.6176354947188054,0
1.0274513779478331,0,0.20859685783122617,0.20859685783122617,0.5828062843375477,0,0,1,1,-0.8758276918373351,3.2779224761091807,3.2779224761091807
1.1680807636894601,0,0.1917245986810148,0.1917245986810148,0.6165508026379705,0,1,0,0,-0.8615002680415764,4.18349327831839,0
-0.976024922854358,1,0.6637908562265906,0.2441950092433514,0.09201413453005802,1,0,0,-1,-1.8718996030449155,0.28672135255441583,-1.8718996030449155
-3.0137182222432206,0,0.4880170484228212,0.4880170484228212,0.023965903154357666,1,0,0,-1,-0.8382525756497495,0.04259934438520014,-0.8382525756497495
1.4170444506459061,0,0.16326767774862985,0.16326767774862985,0.6734646445027402,0,0,1,1,-1.2525676833202413,3.1837248402441367,3.1837248402441367
-0.7078157125604482,1,0.6455191459605112,0.23747322268141957,0.11700763135806917,1,0,0,-1,-1.4932288916355343,0.2685007562749831,-1.4932288916355343
-0.3983529015772047,1,0.6192399425748278,0.22780564402546372,0.15295441339970842,0,1,0,0,-1.7040410181612904,0.5857028503987767,0
-1.501398388674616,0,0.44987931538157755,0.44987931538157755,0.10024136923684503,1,0,0,-1,-1.030437695173995,0.11040726764610463,-1.030437695173995
0.9212582567882165,0,0.22160911800281802,0.22160911800281802,0.5567817639943639,0,0,1,1,-0.7832996977883843,2.92064375848279,2.92064375848279
-0.4708739120549855,0,0.3810313001755042,0.3810313001755042,0.23793739964899155,0,0,1,1,-0.7195753252184576,0.35815712631650576,0.35815712631650576
-0.919497026109413,1,0.6602576943038816,0.24289523160965698,0.0968470740864615,1,0,0,-1,-2.008625739878554,0.5341765059399909,-2.008625739878554
0.2313737142638579,0,0.30671740361200944,0.30671740361200944,0.3865651927759811,0,0,1,1,-1.3902907500157564,1.5797069831816801,1.5797069831816801
-1.0551731570515026,0,0.4258704110940693,0.4258704110940693,0.14825917781186132,0,0,1,1,-1.0008435143464174,0.21583733726610657,0.21583733726610657
-1.3462489855600352,1,0.6832435180508827,0.251351243604569,0.06540523834454837,0,0,1,1,-2.0381837328768775,0.18784078175814206,0.18784078175814206
-0.19558582795427873,0,0.35431432040881167,0.35431432040881167,0.29137135918237667,1,0,0,-1,-0.39751819987704945,1.1911309065813216,-0.39751819987704945
0.2006757178999941,0,0.310344236359515,0.310344236359515,0.3793115272809699,0,0,1,1,-0.5125572823061518,1.7719972508085922,1.7719972508085922
0.5200725926690601,0,0.27158048042367794,0.27158048042367794,0.4568390391526442,1,0,0,-1,-1.340381788862432,1.5526566669332915,-1.340381788862432
0.30462287246612185,1,0.5356858628173595,0.19706781585669214,0.2672463213259484,0,0,1,1,-2.8352864510793383,0.2605191717045115,0.2605191717045115
0.10178109029601494,1,0.5633250969521162,0.20723572186459308,0.22943918118329076,0,1,0,0,-2.8967785583580916,0.9913377467201703,0
-1.213682016475816,1,0.6769669843438366,0.24904223589192717,0.07399077976423621,1,0,0,-1,-1.4540468476642017,0.3204746926885873,-1.4540468476642017
-0.4621014521394665,0,0.3802341474630869,0.3802341474630869,0.23953170507382623,0,1,0,0,-1.1808771406708514,0.8109768784902655,0
-0.17998794699293413,0,0.3526988169072054,0.3526988169072054,0.29460236618558916,1,0,0,-1,-0.9140589601197427,0.5387490908928981,-0.9140589601197427
0.22201446167231378,0,0.307825910348381,0.307825910348381,0.3843481793032379,0,0,1,1,-1.7257121901603278,1.0250157419346417,1.0250157419346417
-1.3517336849131125,1,0.6834880332337542,0.25144119571340173,0.0650707710528441,1,0,0,-1,-3.0139422779236313,0.20069393286248205,-3.0139422779236313
-1.0242013521236641,0,0.4238934976382874,0.4238934976382874,0.1522130047234252,0,1,0,0,-0.5388236669812085,0.2799205356720782,0
-0.23511722274243052,0,0.3583615189636784,0.3583615189636784,0.28327696207264325,0,0,1,1,-0.8322041953688875,0.5193196076990879,0.5193196076990879
2.1609063267973165,0,0.09364172582990121,0.09364172582990121,0.8127165483401976,0,0,1,1,-0.9070830977513737,10.001568693248332,10.001568693248332
-2.382598704946945,0,0.4779405629605556,0.4779405629605556,0.04411887407888875,1,0,0,-1,-0.6987158407192339,0.15259491540166825,-0.6987158407192339
0.3166436160005391,0,0.2965147646005969,0.2965147646005969,0.4069704707988061,1,0,0,-1,-0.9577384582074261,1.3198941696436315,-0.9577384582074261
-0.5351388448482596,0,0.3867592239237549,0.3867592239237549,0.2264815521524902,0,1,0,0,-0.7794606369357279,0.10988956684599187,0
-0.780909037219869,0,0.4068365642089896,0.4068365642089896,0.18632687158202074,1,0,0,-1,-0.768741563394657,0.4839807874515174,-0.768741563394657
0.0929479967395322,0,0.322850937511325,0.322850937511325,0.35429812497734997,1,0,0,-1,-1.2638455047331185,1.0644504716665364,-1.2638455047331185
-0.8270952884191987,0,0.41028709130361635,0.41028709130361635,0.17942581739276742,0,1,0,0,-1.1267506645100045,0.4240864557334332,0
0.08048787956268194,0,0.32427359283458645,0.32427359283458645,0.35145281433082715,0,0,1,1,-0.39842753542358383,1.4424435882750783,1.4424435882750783
-1.0302775581538046,1,0.6670319715580318,0.24538734894025419,0.087580679501714,1,0,0,-1,-0.8470818347007775,0.19661406834698925,-0.8470818347007775
-0.9304932014898646,0,0.41764828564083056,0.41764828564083056,0.16470342871833876,1,0,0,-1,-1.0749715649898282,0.21456652200814502,-1.0749715649898282
-1.0376586720289067,0,0.4247577343057339,0.4247577343057339,0.1504845313885322,1,0,0,-1,-0.871180338060756,0.28273449711770837,-0.871180338060756
0.8820491191562276,0,0.2264572243288921,0.2264572243288921,0.5470855513422157,1,0,0,-1,-0.4458937129258399,1.5013351046196843,-0.4458937129258399
-0.06924527080702082,0,0.3409364676780249,0.3409364676780249,0.3181270646439502,0,0,1,1,-1.0091759623981404,0.3236237181886549,0.3236237181886549
-0.8275420826603597,1,0.6541558158051165,0.24065047595743524,0.10519370823744824,1,0,0,-1,-1.367869258963482,0.40831128729831223,-1.367869258963482
-1.4449592662027995,0,0.44727606380761786,0.44727606380761786,0.10544787238476434,1,0,0,-1,-0.788852903426229,0.275924802474478,-0.788852903426229
2.17555873495992,1,0.21702179387848733,0.07983785625404186,0.7031403498674709,0,0,1,1,-2.2974211149884414,2.303580752551087,2.303580752551087
1.3635845283637422,1,0.356333993612764,0.13108795044065194,0.512578055946584,0,0,1,1,-1.8340565659496961,3.1233288934407373,3.1233288934407373
0.5475504135976663,0,0.26816751365689634,0.26816751365689634,0.4636649726862074,1,0,0,-1,-1.1226276027674371,0.4177466239685678,-1.1226276027674371
0.057912463936804326,0,0.32683773443441255,0.32683773443441255,0.3463245311311749,0,0,1,1,-0.23673782954725814,0.9016200788784965,0.9016200788784965
0.77673274972026,1,0.46130131970490756,0.16970327170469027,0.36899540859040214,1,0,0,-1,-2.3168128989742094,2.3357513144660182,-2.3168128989742094
-0.8268312320744865,0,0.41026765086069,0.41026765086069,0.17946469827861997,1,0,0,-1,-0.9212856257802106,0.3663432743541765,-0.9212856257802106
0.9295978463773983,0,0.22058060642497723,0.22058060642497723,0.5588387871500455,1,0,0,-1,-0.16573247180734,3.0651491410510094,-0.16573247180734
1.8336196308975599,0,0.1211168145530367,0.1211168145530367,0.7577663708939266,0,1,0,0,-1.7960588132981197,6.281332191177963,0
-2.074688410094364,0,0.4704563844784102,0.4704563844784102,0.05908723104317965,0,1,0,0,-1.1000544072878193,0.08395500946461226,0
-0.16618168891936883,0,0.3512602084381148,0.3512602084381148,0.2974795831237704,1,0,0,-1,-0.7001120649116775,0.8787120319809275,-0.7001120649116775
0.8659245881659449,0,0.2284563907806912,0.2284563907806912,0.5430872184386175,0,0,1,1,-0.9963706659248338,2.866751920836987,2.866751920836987
1.245815943534289,0,0.18262272875919683,0.18262272875919683,0.6347545424816063,1,0,0,-1,-1.2398673232275286,2.656940846992244,-1.2398673232275286
-1.039046478929005,0,0.42484639916330375,0.42484639916330375,0.15030720167339243,1,0,0,-1,-1.141758194991312,0.10301042824050469,-1.141758194991312
-0.11047529558575007,0,0.3453744150819134,0.3453744150819134,0.3092511698361732,0,1,0,0,-1.3774783544029074,0.7770096167774606,0
-0.5597176638485442,0,0.38889769273099994,0.38889769273099994,0.2222046145380001,1,0,0,-1,-1.39684343478537,0.3406099475562733,-1.39684343478537
1.1203100497977618,1,0.4006850227956034,0.14740378227181322,0.45191119493258336,0,0,1,1,-3.2940419257655997,2.651806163775615,2.651806163775615
-1.0191679526313466,0,0.4235681632905484,0.4235681632905484,0.15286367341890308,1,0,0,-1,-0.7093109511147708,0.22438399331409303,-0.7093109511147708
-0.504660057107367,0,0.38406723680399724,0.38406723680399724,0.23186552639200556,0,0,1,1,-0.8935072281050069,0.3678766902966054,0.3678766902966054
0.5620517800654663,0,0.2663634965119544,0.2663634965119544,0.4672730069760912,1,0,0,-1,-0.6037816081882883,1.9734049850302715,-0.6037816081882883
0.35546196338202984,1,0.5283221863634093,0.19435887067784566,0.27731894295874493,1,0,0,-1,-4.219498521591035,0.9110364858767291,-4.219498521591035
-0.9710130111372306,0,0.4203978345674936,0.4203978345674936,0.15920433086501298,0,0,1,1,-0.8846808702171007,0.22415682809292292,0.22415682809292292
-0.5350424732602947,1,0.6315818799972711,0.23234598906740506,0.13607213093532378,0,1,0,0,-4.0530601464430704,0.3085406124849753,0
0.5468305533154294,0,0.2682570186551198,0.2682570186551198,0.4634859626897604,0,0,1,1,-1.1064998259255536,1.348763207264352,1.348763207264352
0.20630802972762002,0,0.3096807674417705,0.3096807674417705,0.38063846511645905,1,0,0,-1,-0.8554891573226969,0.8821594017090852,-0.8554891573226969
-0.25592012766215283,0,0.36046378374712307,0.36046378374712307,0.2790724325057538,0,1,0,0,-0.7835314861891601,0.6322399618687948,0
0.810809607382454,0,0.23530914163811922,0.23530914163811922,0.5293817167237617,0,0,1,1,-1.4333804259737981,3.0689344433705315,3.0689344433705315
-2.009449632502245,0,0.4685898510766872,0.4685898510766872,0.06282029784662553,0,1,0,0,-1.0860297424760479,0.17847618867467108,0
0.2420541655474467,1,0.5445117916578506,0.2003146936263509,0.25517351471579863,0,0,1,1,-2.9204513117802247,1.4929733401797436,1.4929733401797436
1.1129331719050841,0,0.1982839808303472,0.1982839808303472,0.6034320383393057,0,0,1,1,-1.1610927254046572,3.983425392926952,3.983425392926952
1.4782314020885057,0,0.15661257787186245,0.15661257787186245,0.6867748442562751,0,0,1,1,-1.047561790299687,3.0085316096988013,3.0085316096988013
0.4574965484959439,0,0.2793207695781494,0.2793207695781494,0.44135846084370134,0,1,0,0,-1.3379767771632918,1.425791623067532,0
0.6454087424989748,0,0.25596617174585334,0.25596617174585334,0.48806765650829337,0,1,0,0,-0.974889630140182,2.2217605215888745,0
-1.1131138991889904,0,0.4294546922458203,0.4294546922458203,0.14109061550835944,0,0,1,1,-1.0834170157965684,0.2328796168566151,0.2328796168566151
0.05948621142806311,0,0.3266595558711353,0.3266595558711353,0.34668088825772936,0,0,1,1,-0.9558984703180139,1.7809345356899022,1.7809345356899022
1.296110527778506,0,0.17683300981607053,0.17683300981607053,0.646333980367859,0,0,1,1,-0.6460363915859956,2.988469358261744,2.988469358261744
0.026531213639748953,1,0.5728525850061298,0.2107406888456712,0.21640672614819886,1,0,0,-1,-2.5028254372333154,0.4953517861531467,-2.5028254372333154
0.2417974592963828,0,0.30548004715477306,0.30548004715477306,0.389039905690454,0,0,1,1,-1.3215177187830927,1.006762195358512,1.006762195358512
-1.7517188235300432,0,0.46009260003219543,0.46009260003219543,0.07981479993560905,0,1,0,0,-0.9000332664096924,0.15323362061117582,0
1.0896872808552722,1,0.4062214258943612,0.14944051114988408,0.44433806295575473,0,0,1,1,-1.2794384870486504,1.810563052460842,1.810563052460842
-0.3437549807801801,0,0.3691259169522908,0.3691259169522908,0.2617481660954185,0,1,0,0,-0.6077606211237436,0.39087097975538215,0
-0.1210038016237478,0,0.3464966736798437,0.3464966736798437,0.30700665264031257,0,0,1,1,-1.2408165430812998,0.7875131263529842,0.7875131263529842
-1.093615279859881,0,0.4282649429260048,0.4282649429260048,0.1434701141479905,0,1,0,0,-0.9946812496143698,0.2219720105608563,0
0.8468441975751257,0,0.2308256040539896,0.2308256040539896,0.5383487918920208,0,0,1,1,-0.7628246616462174,2.239074037526578,2.239074037526578
0.5186356842495351,0,0.2717587445040572,0.2717587445040572,0.45648251099188564,0,1,0,0,-0.727698827737212,1.6986589452544667,0
1.409623077791319,1,0.34793144904400963,0.12799682704028043,0.52407172391571,0,0,1,1,-3.108345324265297,3.8901206721159793,3.8901206721159793
-0.8053120356588491,0,0.40867228065213584,0.40867228065213584,0.18265543869572828,0,0,1,1,-1.5968559874772537,0.43449131071960995,0.43449131071960995
0.8531494207707099,1,0.4481687421732677,0.16487206642120994,0.38695919140552243,1,0,0,-1,-3.835417114381747,1.8215052070488864,-3.835417114381747
1.471270965206321,1,0.3367107141740105,0.12386894936677222,0.5394203364592173,0,1,0,0,-3.5265717560349947,4.514891159562882,0
-0.3503238738123452,0,0.36975959644906453,0.36975959644906453,0.2604808071018709,0,0,1,1,-1.153164285113453,0.4426484403848945,0.4426484403848945
0.12729426744087227,0,0.31890285343925995,0.31890285343925995,0.3621942931214801,0,1,0,0,-1.098568041398838,1.0364659968368557,0
0.5621694137119976,0,0.2663488552459047,0.2663488552459047,0.4673022895081906,0,0,1,1,-0.7998245937774815,2.6481968009986963,2.6481968009986963
-0.8632852080404065,1,0.6565809297627024,0.24154262552492903,0.10187644471236858,1,0,0,-1,-3.193109765616604,0.36444609528111743,-3.193109765616604
-0.8002236880773571,1,0.6522555762338147,0.23995141688585284,0.10779300688033253,1,0,0,-1,-2.8823305557009626,0.6201527376354524,-2.8823305557009626
-1.2804942714580245,0,0.4390008517339725,0.4390008517339725,0.12199829653205502,1,0,0,-1,-0.7680770689189973,0.2787508079263881,-0.7680770689189973
0.4205345971711813,0,0.28386708880388495,0.28386708880388495,0.4322658223922301,0,0,1,1,-1.3095621346799189,1.667009906614301,1.667009906614301
-0.3766844806910112,1,0.6171721388092061,0.2270449415317146,0.15578291965907923,1,0,0,-1,-2.3031500805860126,0.43657487741335366,-2.3031500805860126
-0.6725691485323188,0,0.39834359019246296,0.39834359019246296,0.203312819615074,0,0,1,1,-1.2408661358512734,0.5570467633962853,0.5570467633962853
0.916345501818626,1,0.4371339298062742,0.16081258581420865,0.40205348437951716,0,0,1,1,-4.449706058696329,0.7651655402527161,0.7651655402527161
0.20837044634987315,0,0.30943759739454313,0.30943759739454313,0.3811248052109138,0,1,0,0,-0.8666429047985564,1.4483445599284308,0
2.0269996894561073,0,0.10426141453741618,0.10426141453741618,0.7914771709251677,0,0,1,1,-1.2768301822838393,5.0005529550406855,5.0005529550406855
0.991854786924367,0,0.21293672495470412,0.21293672495470412,0.5741265500905918,0,0,1,1,-0.9046299308590717,1.7177519397219914,1.7177519397219914
-0.031046044929782277,0,0.33676486235954783,0.33676486235954783,0.3264702752809044,0,0,1,1,-1.228917923358207,1.3580287867953889,1.3580287867953889
-0.5790254054703723,0,0.3905572159815678,0.3905572159815678,0.2188855680368645,0,1,0,0,-0.33827752326921057,0.5697421044216083,0
0.869565901435567,1,0.4453165177069032,0.16382279167842825,0.3908606906146686,0,0,1,1,-2.1849952335540705,3.325176825252109,3.325176825252109
-1.4960826845763024,0,0.4496390857109839,0.4496390857109839,0.10072182857803226,1,0,0,-1,-0.8444732205781008,0.20485920465089835,-0.8444732205781008
-0.07890630185572603,0,0.34198246786181247,0.34198246786181247,0.31603506427637507,0,1,0,0,-1.0191796952036938,0.4756947112584224,0
0.43357007480124204,0,0.2822661660956939,0.2822661660956939,0.4354676678086123,0,1,0,0,-0.3731533508251131,1.1113896461790622,0
-2.167603330558755,0,0.4729358686716548,0.4729358686716548,0.0541282626566905,0,1,0,0,-0.6645564666731629,0.10625065857151797,0
0.4169155443558564,0,0.2843110591289408,0.2843110591289408,0.4313778817421185,0,0,1,1,-1.0113212317976426,1.2748240218758415,1.2748240218758415
-1.277197998730724,0,0.4388240919997551,0.4388240919997551,0.12235181600048982,0,0,1,1,-0.5465546942955942,0.1343989621535513,0.1343989621535513
-0.34768540045955826,1,0.6143561136241256,0.22600898376030246,0.15963490261557198,1,0,0,-1,-3.9065983182339292,0.371714841408597,-3.9065983182339292
-0.995721546443162,0,0.4220376642658239,0.4220376642658239,0.15592467146835226,0,1,0,0,-0.5183596435706846,0.524329377017453,0
-0.669113161980529,0,0.39806340851009314,0.39806340851009314,0.2038731829798137,0,1,0,0,-0.7633034348916204,0.48176664491277893,0
0.3572841232100326,0,0.29159263070741587,0.29159263070741587,0.4168147385851684,1,0,0,-1,-1.105097769119696,0.6182436212900582,-1.105097769119696
-0.12942656688846743,0,0.34739120098437826,0.34739120098437826,0.3052175980312434,0,0,1,1,-1.1760461805677391,0.9881516093515819,0.9881516093515819
-0.18486203450183214,0,0.35320475587550054,0.35320475587550054,0.2935904882489989,0,0,1,1,-0.49899953671792185,0.6106563304320348,0.6106563304320348
-0.8146335274698018,1,0.6532630006888257,0.24032202763138477,0.10641497167978958,1,0,0,-1,-2.9519069081124147,0.27429962198326424,-2.9519069081124147
0.23767501107581063,0,0.30596975040018365,0.30596975040018365,0.3880604991996327,0,0,1,1,-0.40531827875993026,0.59215747297472765,0.59215747297472765
0.5924857908625242,1,0.49184002015361766,0.1809378317598638,0.32722214808651845,1,0,0,-1,-2.812197044098428,2.270462001301764,-2.812197044098428
-0.16893525586375044,1,0.5957426964620491,0.2191614902564268,0.18509581328152416,0,0,1,1,-2.147140031442433,0.5804158898046026,0.5804158898046026
2.484173383897501,0,0.0714734770164956,0.0714734770164956,0.8570530459670088,1,0,0,-1,-0.5628343771655856,12.279194230941025,-0.5628343771655856
0.656055556998244,1,0.4814989432793141,0.17713356217823406,0.3413674945424519,0,0,1,1,-2.21440010536122,1.3855952810722367,1.3855952810722367
0.5000772209724972,0,0.2740590558720665,0.2740590558720665,0.45188188825586695,0,0,1,1,-1.1134086993106351,2.7385965425562513,2.7385965425562513
-0.22740515985952173,0,0.3575773177499321,0.3575773177499321,0.2848453645001358,0,0,1,1,-1.1729507973345268,0.45538903465168545,0.45538903465168545
0.2432696893235362,0,0.30530505299911936,0.30530505299911936,0.3893898940017612,1,0,0,-1,-0.1001308919486162,1.0253600374273149,-0.1001308919486162
-0.04082911013644321,0,0.3378386174880161,0.3378386174880161,0.3243227650239679,0,0,1,1,-0.6657953077057452,0.6228054613423297,0.6228054613423297
-0.7976147974718526,1,0.6520719610388171,0.23988386863052658,0.10804417033065628,1,0,0,-1,-0.852918183873121,0.4492594311275368,-0.852918183873121
2.0131405334558328,0,0.10540969969238889,0.10540969969238889,0.7891806006152221,1,0,0,-1,-0.40025246811317144,3.1574233113242562,-0.40025246811317144
1.5138175795958213,0,0.15281068565884226,0.15281068565884226,0.6943786286823155,1,0,0,-1,-0.8062692657695962,6.511662511485326,-0.8062692657695962
-0.7475990355301609,0,0.404285090338624,0.404285090338624,0.1914298193227519,0,1,0,0,-0.7516957246785706,0.4604056420218622,0
0.4958957786594949,0,0.27457679048019207,0.27457679048019207,0.4508464190396159,0,0,1,1,-0.7724061692542629,1.386014812602418,1.386014812602418
-0.5576676632803675,0,0.3887204413358163,0.3887204413358163,0.22255911732836736,0,1,0,0,-1.0742648295433663,0.5832013357744543,0
0.55276725233749,0,0.26751873103098284,0.26751873103098284,0.4649625379380343,1,0,0,-1,-1.0090572560379705,2.304351879205036,-1.0090572560379705
0.7352947417587541,0,0.24473233462455204,0.24473233462455204,0.5105353307508957,0,0,1,1,-0.30857378260231777,1.6813608981516832,1.6813608981516832
-0.7086874135805433,0,0.40123742477787566,0.40123742477787566,0.1975251504442486,0,1,0,0,-1.6668138707876115,0.3103875600207035,0
-1.0297356774705484,0,0.4242498970528392,0.4242498970528392,0.15150020589432156,0,1,0,0,-1.1831400607309162,0.4055466352517411,0
0.9053311083816845,0,0.22357607292462775,0.22357607292462775,0.5528478541507444,1,0,0,-1,-0.5688130782766205,1.3049622468121367,-0.5688130782766205
0.7790014606782916,0,0.23927480209078245,0.23927480209078245,0.5214503958184351,0,0,1,1,-0.5770489806273306,2.207605740689084,2.207605740689084
0.7245260931905447,0,0.24607795773127988,0.24607795773127988,0.5078440845374402,0,0,1,1,-0.6903521192112274,1.9849696214642063,1.9849696214642063
-1.3467962201304082,0,0.4424637522630582,0.4424637522630582,0.1150724954738836,0,0,1,1,-0.3899864163230902,0.2331120554335278,0.2331120554335278
1.1128059742149268,0,0.19829920034951978,0.19829920034951978,0.6034015993009604,0,1,0,0,-0.8774716418428098,3.3216266985560807,0
1.141240529277872,1,0.3968913762674301,0.14600817770702684,0.4571004460255431,1,0,0,-1,-1.5893183093153145,4.191662025476721,-1.5893183093153145
1.9688008459411317,0,0.10914548704069599,0.10914548704069599,0.781709025918608,0,0,1,1,-0.939126848736812,4.408881633166079,4.408881633166079
-0.9193014766374173,0,0.4168755363885319,0.4168755363885319,0.16624892722293613,0,1,0,0,-0.5906818862331297,0.4046512380969879,0
-0.2088231477341592,1,0.6000859822427589,0.22075929580228223,0.17915472195495893,1,0,0,-1,-2.113549078294366,0.9283330815044352,-2.113549078294366
0.7153296103269497,1,0.471666607655787,0.17351644804364086,0.35481694430057226,0,0,1,1,-2.41308760734431,0.7397656991386538,0.7397656991386538
-0.5037296811397691,0,0.38398436434008604,0.38398436434008604,0.23203127131982806,0,1,0,0,-1.2135534907845884,0.5112427211056743,0
-1.4228969134786869,0,0.44622641381689543,0.44622641381689543,0.10754717236620913,0,1,0,0,-1.3941351678610274,0.23708612099307277,0
-0.8595683478338413,0,0.41265279625730644,0.41265279625730644,0.17469440748538706,0,1,0,0,-1.2099218485923546,0.5959870955011269,0
0.13235488225362155,0,0.31831792149750515,0.31831792149750515,0.36336415700498964,0,1,0,0,-0.9730635105844132,1.1813737697475968,0
-0.4138613666906324,1,0.6207009417350957,0.22834311558009499,0.1509559426848093,1,0,0,-1,-1.4942543275257025,0.5050785606984991,-1.4942543275257025
-0.8111587612041069,0,0.4091079070687285,0.4091079070687285,0.181784185862543,1,0,0,-1,-1.4677785792581644,0.26495532050085924,-1.4677785792581644
1.0771700010828984,0,0.20257850462112456,0.20257850462112456,0.5948429907577509,1,0,0,-1,-0.49289449453464834,2.663409279251546,-0.49289449453464834
0.7298802406420569,0,0.2454088837176666,0.2454088837176666,0.5091822325646668,0,1,0,0,-1.452511995221084,1.4547909712931086,0
0.9145696759701426,0,0.2224347185249704,0.2224347185249704,0.555130562950059,0,1,0,0,-0.868114171913785,3.5920158566606957,0
1.682121730675505,0,0.13555733538914003,0.13555733538914003,0.72888532922172,0,0,1,1,-0.7416338573683187,5.0809026882704895,5.0809026882704895
-1.3327848527389217,0,0.44174650111381236,0.44174650111381236,0.11650699777237532,1,0,0,-1,-1.1397398953159281,0.11984318009236675,-1.1397398953159281
1.1374964661730949,0,0.19535255546046784,0.19535255546046784,0.6092948890790643,0,0,1,1,-1.550799858092099,2.690036010372385,2.690036010372385
1.209359293125938,1,0.38450190800525125,0.14145034704632517,0.47404774494842356,0,0,1,1,-1.5782668782864857,3.885955794335544,3.885955794335544
-0.3298789680985567,0,0.3677808186244006,0.3677808186244006,0.2644383627511987,0,0,1,1,-1.1323311301289316,0.8573536805769456,0.8573536805769456
-1.318494038926233,1,0.6819881513391801,0.2508894200002026,0.06712242866061725,1,0,0,-1,-3.1516307027709827,0.29539733489740216,-3.1516307027709827
-0.1792729672867492,0,0.35262451538465905,0.35262451538465905,0.29475096923068195,0,1,0,0,-0.5223088910738535,1.3474739056610872,0
-1.0971046448912305,0,0.42847907414018016,0.42847907414018016,0.14304185171963976,1,0,0,-1,-1.2211809721403133,0.30360159284053384,-1.2211809721403133
-1.289979314655221,1,0.6806666186878285,0.2504032553069336,0.06893012600523793,0,1,0,0,-2.8349651336985855,0.272505579383413,0
-0.4468817256846349,1,0.6237593716948298,0.22946824908454397,0.1467723792206263,0,1,0,0,-2.755201361397371,0.5169398967840448,0
-0.8289098075943597,1,0.6542498823556647,0.24068508110748382,0.10506503653685152,1,0,0,-1,-3.250931866140527,0.6829594827508803,-3.250931866140527
0.1599371202112983,0,0.31511574793625846,0.31511574793625846,0.3697685041274831,0,1,0,0,-1.2223041197951368,1.1889837400017378,0
1.4700069221485594,0,0.15749853897473406,0.15749853897473406,0.6850029220505319,0,1,0,0,-0.8220421095710632,4.667897421728191,0
-1.9544217267977713,0,0.46693049661744607,0.46693049661744607,0.06613900676510795,0,1,0,0,-1.2682888653513638,0.13014212541551123,0
1.0650772017471317,0,0.20403737142810277,0.20403737142810277,0.5919252571437944,0,1,0,0,-1.333504886285239,3.2379272164277975,0
-0.012832617706224129,0,0.33475611721338205,0.33475611721338205,0.3304877655732359,0,0,1,1,-0.6853031465645041,0.1986823255828303,0.1986823255828303
-0.22021730074431198,0,0.3568440730054378,0.3568440730054378,0.28631185398912445,0,1,0,0,-1.3324984871231422,0.17607124389366519,0
-0.44461549479303186,0,0.3786343133615466,0.3786343133615466,0.24273137327690683,1,0,0,-1,-0.5448940089623815,0.6819029839227367,-0.5448940089623815
-1.3674654333340603,0,0.44350779000069124,0.44350779000069124,0.11298441999861757,1,0,0,-1,-0.39166854233909726,0.31491192337072244,-0.39166854233909726
-1.1334256714269408,1,0.6728070020952303,0.24751186394702673,0.07968113395774297,1,0,0,-1,-1.2618358927124596,0.25693393743226833,-1.2618358927124596
0.1155800096226921,0,0.3202537102462309,0.3202537102462309,0.3594925795075382,0,0,1,1,-0.7420371309499268,1.258230667564383,1.258230667564383
0.38475163455954725,0,0.288246791938918,0.288246791938918,0.4235064161221639,0,0,1,1,-0.70103836473256,0.7180065219768363,0.7180065219768363
-0.8261524295765841,0,0.410217660735186,0.410217660735186,0.1795646785296281,0,1,0,0,-1.1232425611398524,0.29404249907271696,0
0.7769953440583569,0,0.23952511582915617,0.23952511582915617,0.5209497683416878,0,0,1,1,-0.4669649722693684,1.5932532743870604,1.5932532743870604
-2.033516405769131,0,0.4692908937139004,0.4692908937139004,0.061418212572199246,1,0,0,-1,-0.6507461910920376,0.06024159396339887,-0.6507461910920376
-0.7662841782722136,0,0.4057228435973668,0.4057228435973668,0.18855431280526624,1,0,0,-1,-1.6240994980572103,0.23870009704028294,-1.6240994980572103
-0.34096492028251985,0,0.36885616766099094,0.36885616766099094,0.2622876646780181,0,1,0,0,-0.6771694217992393,0.4771302654698517,0
-0.2619566464718528,0,0.3610702198000825,0.3610702198000825,0.27785956039983495,1,0,0,-1,-0.34735894204795703,0.40850119403909985,-0.34735894204795703
0.13836994041769748,1,0.5585492847786868,0.2054787987510921,0.235971916470221,0,1,0,0,-1.1082804726732607,0.9393655074784422,0
-0.034093415469923935,1,0.5802389155204996,0.2134579679876051,0.2063031164918954,1,0,0,-1,-0.9693349895588956,1.0597956050586415,-0.9693349895588956
0.43107586789972324,0,0.2825726989959383,0.2825726989959383,0.4348546020081234,0,0,1,1,-0.9855338465993492,1.7081651410260892,1.7081651410260892
-0.8493478332868875,1,0.6556434703454974,0.2411977534784067,0.10315877617609602,1,0,0,-1,-3.1454101534300403,0.44508053669227177,-3.1454101534300403
0.9965757550469972,0,0.21235977717228738,0.21235977717228738,0.5752804456554251,0,1,0,0,-0.7930965996163525,1.0672328075755961,0
0.3954398555272758,0,0.28694097896672455,0.28694097896672455,0.426118042066551,0,0,1,1,-1.2223848815208065,0.9775194867096662,0.9775194867096662
-0.24935532348592618,0,0.3598024371496627,0.3598024371496627,0.28039512570067465,0,0,1,1,-1.3045285492069012,0.9956623636514323,0.9956623636514323
-0.4968343775017706,0,0.3833688829431616,0.3833688829431616,0.23326223411367675,1,0,0,-1,-0.9825409941624754,0.4544723036355126,-0.9825409941624754
1.246300583561669,1,0.3777628409712398,0.13897118283183613,0.48326597619692413,0,0,1,1,-2.237786542608301,3.9637787195924594,3.9637787195924594
-0.12628446208343347,0,0.3470578401496866,0.3470578401496866,0.3058843197006268,0,1,0,0,-1.4317980080467152,0.36650585378085865,0
0.7489365980104354,0,0.24302813102964255,0.24302813102964255,0.513943737940715,0,0,1,1,-0.8865319125261948,1.5267769254508188,1.5267769254508188
-1.6127287297040553,0,0.45468125578608093,0.45468125578608093,0.09063748842783811,1,0,0,-1,-0.6881627649670282,0.146933960899729,-0.6881627649670282
-0.6444108054533813,0,0.39604403314409936,0.39604403314409936,0.20791193371180136,0,1,0,0,-0.8974417803072138,0.46627668898910346,0
0.9383668816725547,1,0.43325543658512233,0.15938576789542408,0.4073587955194536,1,0,0,-1,-0.8767100216937118,1.9024792985928418,-0.8767100216937118
-0.21410741492476915,0,0.3562190198553682,0.3562190198553682,0.28756196028926356,0,0,1,1,-0.7406090184126,1.037436187165055,1.037436187165055
-0.06130931246454505,0,0.34007448515973193,0.34007448515973193,0.31985102968053625,0,1,0,0,-1.695586963186453,1.5398168554100782,0
1.3720131866187069,1,0.35479468003666126,0.13052166862248765,0.514683651340851,0,0,1,1,-2.0458306840562974,3.4147416608273242,3.4147416608273242
0.02035832300538575,0,0.3310636747600532,0.3310636747600532,0.33787265047989345,0,0,1,1,-1.0822745893207217,1.3652808131535654,1.3652808131535654
-0.07482012073403778,0,0.34154050812240916,0.34154050812240916,0.3169189837551816,0,1,0,0,-1.0944334359435355,0.7940921823657675,0
-0.27518313991878124,0,0.362393285090922,0.362393285090922,0.2752134298181559,0,1,0,0,-0.5506303312907855,0.9102522550938698,0
-1.0914689829001554,1,0.670517665936058,0.2466696642401369,0.0828126698238051,0,1,0,0,-3.509554267157346,0.2547893247164842,0
-0.048354223788812344,0,0.3386620423726847,0.3386620423726847,0.3226759152546305,0,0,1,1,-0.5441260081464988,1.073470414982663,1.073470414982663
-0.05605672151653764,1,0.5828510802755427,0.2144189296979381,0.2027299900265192,1,0,0,-1,-2.6432785206231237,0.779024847711432,-2.6432785206231237
-2.0831798466691756,0,0.4706915472773415,0.4706915472773415,0.05861690544531688,0,0,1,1,-0.9157064686359354,0.0972921768730935,0.0972921768730935
1.2579808910442785,0,0.18121488587720097,0.18121488587720097,0.6375702282455982,0,1,0,0,-0.9569599422666543,1.8077908066924884,0
-0.4467240642178348,0,0.37882799930281547,0.37882799930281547,0.242344001394369,0,1,0,0,-0.5097234325802147,0.586729917931223,0
1.3683547494083823,1,0.3554627715028052,0.13076744573770407,0.5137697827594907,0,0,1,1,-2.516227176150172,5.274718296274521,5.274718296274521
0.32547125660409365,1,0.5326867619341319,0.1959645082997536,0.2713487297661145,0,0,1,1,-2.008059244477685,1.82242634550477,1.82242634550477
0.3627364900508484,0,0.29092965040623353,0.29092965040623353,0.41814069918753294,0,1,0,0,-1.1486438158631245,1.030631211739478,0
-0.24013053813642002,0,0.3588698950795729,0.3588698950795729,0.28226020984085415,0,0,1,1,-0.8976172613047694,0.9608743898756258,0.9608743898756258
-0.07457091084285856,1,0.58502670652088,0.21521929786527072,0.1997539956138494,1,0,0,-1,-2.694963799641825,0.8151823736547024,-2.694963799641825
0.9654749885564762,0,0.21616785553076004,0.21616785553076004,0.5676642889384799,0,0,1,1,-0.42923990432464326,1.4985126176602892,1.4985126176602892
1.4126905273844808,0,0.1637467744999037,0.1637467744999037,0.6725064510001926,0,0,1,1,-0.9806958363177818,5.2403199683798505,5.2403199683798505
1.657207168074432,1,0.3032806690935839,0.11157072306424878,0.5851486078421673,0,1,0,0,-3.1443351541914715,5.023373663282836,0
1.6345610768023535,1,0.3073071330371922,0.11305197636972035,0.5796408905930874,0,0,1,1,-4.95979935832497,5.849757682654058,5.849757682654058
-0.28010842220449506,1,0.6075752736010497,0.22351445212194032,0.16891027427701005,1,0,0,-1,-2.6908540714939404,0.6078962725333438,-2.6908540714939404
-0.7164325635312906,1,0.6461678376370722,0.2377118630128854,0.11612029935004249,1,0,0,-1,-2.450913297916041,0.3740424843868787,-2.450913297916041
-1.0463751506735022,1,0.6679661564521095,0.24573101635703828,0.08630282719085204,1,0,0,-1,-2.105482205872499,0.3113360072349787,-2.105482205872499
-0.8970559948878917,0,0.4153223432537912,0.4153223432537912,0.16935531349241764,1,0,0,-1,-0.9155185272182206,0.22489637180224456,-0.9155185272182206
0.24366708507353751,0,0.305257807442403,0.305257807442403,0.38948438511519395,0,1,0,0,-0.7573200875838902,1.6097068454230181,0
-0.3357538651789733,0,0.36835139258180055,0.36835139258180055,0.26329721483639895,0,0,1,1,-1.0979006693839066,0.728155956894372,0.728155956894372
-0.2489297046370487,0,0.3597594937916921,0.3597594937916921,0.2804810124166158,0,0,1,1,-0.534910713741399,0.819266572344174,0.819266572344174
0.8168356120828014,0,0.23455862728408797,0.23455862728408797,0.530882745431824,0,0,1,1,-1.2703785929710534,2.820010335671131,2.820010335671131
-0.061676524529880726,0,0.34011442533909353,0.34011442533909353,0.319771149321813,1,0,0,-1,-0.8019535477578739,1.2194510364183526,-0.8019535477578739
1.247575686016691,0,0.18241878675717346,0.18241878675717346,0.6351624264856531,0,0,1,1,-0.9547594892128691,1.2190947367154066,1.2190947367154066
-1.3485502120624688,0,0.44255299720066643,0.44255299720066643,0.11489400559866707,1,0,0,-1,-0.4787361421553064,0.2535317539011091,-0.4787361421553064
0.1610418701653855,0,0.3149870040958694,0.3149870040958694,0.37002599180826135,1,0,0,-1,-1.9341289582756078,0.7693999928920676,-1.9341289582756078
1.3856666797279102,0,0.16673641633802516,0.16673641633802516,0.6665271673239497,1,0,0,-1,-0.5899655559333317,5.02432798057592,-0.5899655559333317
0.41039362367823284,0,0.2851105827081464,0.2851105827081464,0.42977883458370736,0,1,0,0,-1.1659954535353554,1.7180247831187287,0
-0.6496337335424006,0,0.39647344488784897,0.39647344488784897,0.2070531102243021,1,0,0,-1,-0.7861884980422023,0.43247363802643796,-0.7861884980422023
-0.5992729415610919,0,0.39227826912885394,0.39227826912885394,0.2154434617422921,0,1,0,0,-1.128564644765698,0.524951633549083,0
0.20512695470624162,0,0.30981996868752065,0.30981996868752065,0.38036006262495864,0,0,1,1,-0.48168473116691873,0.7219404772753404,0.7219404772753404
0.5771111770684746,0,0.26448824784165137,0.26448824784165137,0.4710235043166973,0,0,1,1,-1.133120661106758,2.509126107792603,2.509126107792603
0.639003828184822,1,0.484294074898649,0.17816183363635563,0.3375440914649954,0,0,1,1,-2.245965539995527,1.1610566669980524,1.1610566669980524
-2.508586729095341,0,0.48044973758916043,0.48044973758916043,0.039100524821679195,0,1,0,0,-1.0258849619348103,0.07813823238593413,0
2.3504780992339405,0,0.08006030740461034,0.08006030740461034,0.8398793851907793,0,0,1,1,-1.1096413995950725,11.81914409862593,11.81914409862593
-0.3096434197263786,0,0.3658034450222432,0.3658034450222432,0.26839310995551363,0,1,0,0,-1.1588198588474357,0.9515056110782752,0
-0.08266827977833063,0,0.3423887749362337,0.3423887749362337,0.31522245012753264,1,0,0,-1,-0.6343301697632433,0.7721856776346531,-0.6343301697632433
-1.5000970786684815,0,0.4498206002948427,0.4498206002948427,0.10035879941031453,0,1,0,0,-0.7634233671094238,0.10993164147580309,0
-0.9521427207742187,0,0.4191267252861391,0.4191267252861391,0.1617465494277218,1,0,0,-1,-1.496162732433739,0.5063118799524085,-1.496162732433739
-0.8816482303160131,0,0.41423307891069827,0.41423307891069827,0.17153384217860335,0,1,0,0,-1.0542550053815372,0.37600462428513043,0
-1.8847433968773282,0,0.46471251430651367,0.46471251430651367,0.07057497138697265,0,0,1,1,-0.8632777806557774,0.1968368269212318,0.1968368269212318
0.046997150430741604,0,0.32807117853838896,0.32807117853838896,0.343857642923222,0,1,0,0,-1.3509756834891535,0.5512049098350567,0
0.8059890010591128,0,0.2359097205508794,0.2359097205508794,0.5281805588982412,1,0,0,-1,-0.993083844858376,1.2342312360074643,-0.993083844858376
0.5326821800504336,0,0.27001519584955636,0.27001519584955636,0.4599696083008873,1,0,0,-1,-1.1977122433809202,1.7759555158642806,-1.1977122433809202
1.3102195409007886,1,0.3660852857317376,0.1346752503360794,0.499239463932183,1,0,0,-1,-3.395470514464801,4.083493204668466,-3.395470514464801
-0.6140246891436951,0,0.39351976126758126,0.39351976126758126,0.21296047746483748,0,1,0,0,-0.90749277063364,0.35070205193118376,0
-0.9459628021530839,1,0.661932059770414,0.24351119624180168,0.09455674398778437,1,0,0,-1,-0.6190962516455538,0.15875771382778125,-0.6190962516455538
-1.0021683013973466,0,0.4224609595581509,0.4224609595581509,0.1550780808836982,0,0,1,1,-0.9060819617858952,0.2559303086031854,0.2559303086031854
0.39846737846553576,1,0.5219613677061944,0.1920188562648365,0.28601977602896905,0,1,0,0,-1.9370922574285752,1.1633687674255178,0
0.23283402816551685,1,0.5457899891592938,0.20078491620888858,0.25342509463181756,1,0,0,-1,-2.760472347095991,1.5309020360681773,-2.760472347095991
0.009740017438540565,0,0.3322493580867227,0.3322493580867227,0.33550128382655475,0,1,0,0,-0.5544082473711658,1.1846964254130061,0
0.04096038834502822,1,0.571056493974222,0.21007994388055992,0.21886356214521807,0,0,1,1,-4.1918370078129925,1.0852254741214615,1.0852254741214615
0.5447649827632404,0,0.26851381852768935,0.26851381852768935,0.4629723629446213,0,1,0,0,-0.913386857839933,2.2020783564743223,0
0.8115294178676519,0,0.23521947792856,0.23521947792856,0.5295610441428801,0,0,1,1,-1.2880299498656018,2.948071410905968,2.948071410905968
0.6972081284417607,0,0.2494923822123792,0.2494923822123792,0.5010152355752415,1,0,0,-1,-0.38370195367928717,1.0087332346752234,-0.38370195367928717
0.733650950447731,0,0.24493772082421367,0.24493772082421367,0.5101245583515728,0,0,1,1,-0.9342486541653409,1.0184227602128237,1.0184227602128237
0.7163803072305795,0,0.2470959897917731,0.2470959897917731,0.5058080204164539,1,0,0,-1,-1.1503084005361013,2.4885972348367837,-1.1503084005361013
0.4936862828463794,0,0.27485027849023647,0.27485027849023647,0.45029944301952707,1,0,0,-1,-1.3465851046087547,1.5012041222904113,-1.3465851046087547
-1.425768105367664,1,0.6866765939214435,0.25261420163733006,0.060709204441226475,1,0,0,-1,-2.0743220121571913,0.37578093937237395,-2.0743220121571913
1.0008027961276018,0,0.21184353970804803,0.21184353970804803,0.576312920583904,0,0,1,1,-1.3778354663595216,1.6211738095524628,1.6211738095524628
0.8406899507857862,0,0.23159053770927626,0.23159053770927626,0.5368189245814474,0,0,1,1,-1.1468945852923527,3.626033295736273,3.626033295736273
-1.9564864423971324,0,0.46699420273325437,0.46699420273325437,0.06601159453349127,1,0,0,-1,-0.7175890520646884,0.08586637361936653,-0.7175890520646884
0.7193529096889271,0,0.24672447130984482,0.24672447130984482,0.5065510573803105,0,1,0,0,-0.8410601375339757,0.8791938555867015,0
2.387781263427543,0,0.07758369241092368,0.07758369241092368,0.8448326151781527,0,0,1,1,-1.0654203295258056,10.842688918492216,10.842688918492216
0.41565544205715066,1,0.5193859309951658,0.19107140604681094,0.2895426629580232,0,1,0,0,-2.084191176338494,1.66500246199395,0
-1.543274230471657,1,0.6913296029978789,0.2543259480161348,0.05434444898598621,1,0,0,-1,-2.3358468622437147,0.09313793208953863,-2.3358468622437147
0.6329528389314727,0,0.2575220215921348,0.2575220215921348,0.4849559568157305,0,0,1,1,-0.5420762482962336,1.056354874651017,1.056354874651017
-0.4550187017429975,0,0.3795878742119182,0.3795878742119182,0.24082425157616358,0,0,1,1,-0.7572104662705171,0.7268600498842943,0.7268600498842943
-0.2576550709792157,0,0.3606382443322348,0.3606382443322348,0.27872351133553036,0,1,0,0,-1.1190327914929101,0.7593309737006624,0
0.017662319461669556,0,0.33136511066344393,0.33136511066344393,0.33726977867311214,0,0,1,1,-1.853250792894428,0.8882359277509773,0.8882359277509773
0.041137698591087166,0,0.32873157593128755,0.32873157593128755,0.34253684813742485,1,0,0,-1,-0.6523067011058827,0.7634340182419513,-0.6523067011058827
0.23958084666745855,0,0.30574341322389886,0.30574341322389886,0.3885131735522023,0,1,0,0,-1.081908081005284,1.4414673003769478,0
0.21254497025834457,0,0.308945033937756,0.308945033937756,0.3821099321244879,1,0,0,-1,-0.4435835590252807,1.4472010843271028,-0.4435835590252807
-1.499268070740519,0,0.44978316361158077,0.44978316361158077,0.10043367277683851,1,0,0,-1,-1.0035263136377939,0.18236093955895405,-1.0035263136377939
-0.8717904125447201,0,0.41353036207388016,0.41353036207388016,0.17293927585223973,1,0,0,-1,-0.6984769692250351,0.3048652156271441,-0.6984769692250351
-1.4716433895039909,0,0.4485214167364784,0.4485214167364784,0.10295716652704319,1,0,0,-1,-0.8679381893200817,0.11300487022089081,-0.8679381893200817
-0.7291855394017375,0,0.4028519264248744,0.4028519264248744,0.1942961471502512,0,1,0,0,-0.5832786449660605,0.4380695867353317,0
0.08200826687531831,0,0.3241002799470189,0.3241002799470189,0.35179944010596215,0,0,1,1,-1.5647891645742118,0.7749719356812136,0.7749719356812136
0.4555873890665668,0,0.27955610545059656,0.27955610545059656,0.44088778909880677,1,0,0,-1,-1.7146618389242088,0.9172818107743868,-1.7146618389242088
3.3628727071770177,0,0.03239179802597021,0.03239179802597021,0.9352164039480596,0,0,1,1,-0.924329681109252,27.10322323249358,27.10322323249358
-0.35796419084003694,1,0.6153606588395623,0.22637853529278876,0.15826080586764896,0,1,0,0,-3.623556628906462,0.2621863043641815,0
-0.9791036693512828,0,0.42093784360114617,0.42093784360114617,0.15812431279770758,1,0,0,-1,-1.220054532146327,0.2741123149019009,-1.220054532146327
-0.5728634866261408,0,0.3900295375649624,0.3900295375649624,0.21994092487007533,1,0,0,-1,-1.1232144422654204,0.5325973733382274,-1.1232144422654204
-0.6658904250336423,1,0.6423013032782525,0.23628944451369266,0.12140925220805478,1,0,0,-1,-4.096153500699336,0.11699483693485511,-4.096153500699336
-1.0743247005441803,0,0.4270714964932104,0.4270714964932104,0.14585700701357923,0,1,0,0,-1.2452090935687672,0.5326583053242695,0
0.10721196127972088,0,0.32121597685921527,0.32121597685921527,0.35756804628156946,0,1,0,0,-0.8959633488156378,1.031815897760521,0
0.682817516375552,0,0.2512911965419692,0.2512911965419692,0.49741760691606157,1,0,0,-1,-0.9749727526294086,1.5611921517372878,-0.9749727526294086
-0.1705755277827299,0,0.35171892377950764,0.35171892377950764,0.29656215244098466,0,1,0,0,-1.1231495773191824,0.6433075591164104,0
-0.4573413997788577,0,0.37980007341397204,0.37980007341397204,0.24039985317205587,0,1,0,0,-0.6120566514330723,0.8290462942832294,0
2.162842721688391,0,0.09349444731363238,0.09349444731363238,0.8130111053727352,0,0,1,1,-1.3448901964693367,6.02744388365147,6.02744388365147
0.49497585869323335,0,0.2746906640212873,0.2746906640212873,0.45061867195742544,0,0,1,1,-0.6895934161047729,1.8024228509727989,1.8024228509727989
1.6425690891447116,0,0.13950054784500746,0.13950054784500746,0.720998904309985,0,1,0,0,-1.0491137484909236,10.009378236375563,0
0.8529763051408836,0,0.23006378117511347,0.23006378117511347,0.539872437649773,0,0,1,1,-1.2931496461995713,1.9127242644686022,1.9127242644686022
-0.17663896321934788,0,0.3523505985092982,0.3523505985092982,0.2952988029814037,0,0,1,1,-0.4326057174300412,0.6857953086023,0.6857953086023
-1.6801962896361182,0,0.45738594677546013,0.45738594677546013,0.08522810644907976,0,1,0,0,-1.0886152771113973,0.11814038586217115,0
-0.14450324314172353,0,0.3489850687228539,0.3489850687228539,0.3020298625542923,0,0,1,1,-0.9405238616544996,0.9894268621429365,0.9894268621429365
-0.9338881872537743,1,0.6611725991633718,0.24323180629809127,0.09559559453853692,0,1,0,0,-2.4424390969266474,0.45528798736530246,0
-1.0803151571096499,0,0.42744385916831157,0.42744385916831157,0.14511228166337686,1,0,0,-1,-0.8755792418230681,0.35271561027142595,-0.8755792418230681
0.08875058760077867,0,0.3233307660246195,0.3233307660246195,0.353338467950761,1,0,0,-1,-1.3653199812696861,0.55678940992027115,-1.3653199812696861
-0.5343866902623124,0,0.3866933262694173,0.3866933262694173,0.22661334746116527,0,0,1,1,-0.8957932235801846,0.5766100793001149,0.5766100793001149
-0.01675938774746417,1,0.5781533789149946,0.21269074194662937,0.20915587913837608,0,0,1,1,-2.17351728925043,1.0798513552294762,1.0798513552294762
-0.8089669626193722,0,0.40894479073480833,0.40894479073480833,0.18211041853038326,0,1,0,0,-1.652947127652742,0.16045128612884993,0
1.8553813707217788,1,0.2688063120013025,0.09888831584239555,0.6323053721563019,0,1,0,0,-2.1773352999715683,4.684830663401493,0
-0.5401335677785786,0,0.38719613304053163,0.38719613304053163,0.22560773391893668,1,0,0,-1,-1.3092879396014956,0.6743172150738583,-1.3092879396014956
-0.4224360865933611,0,0.3765842695576928,0.3765842695576928,0.24683146088461436,1,0,0,-1,-0.8240967980963654,0.5580966671642573,-0.8240967980963654
